,country_name,top_movie,top_movie_score,top_tv,top_tv_score,continent,region,population,gdp,launch_date,program_count,subscriber_count,revenue
0,All countries,"['We Can Be Heroes', 'Wish Dragon', 'The Mitchells vs. The Machines', 'Fatherhood', 'Army of the Dead', 'Yes Day', 'Outside the Wire', 'Love and Monsters', 'Minions', 'Blood Red Sky']","[25188, 16911, 14902, 14643, 13937, 12809, 11661, 11582, 10743, 9749]","['Lupin', 'Bridgerton', 'New Amsterdam', 'Sex/Life', 'Who Killed Sara?', 'Ginny & Georgia', 'Vincenzo', 'Lucifer', 'Yo soy Betty la fea', 'Behind Her Eyes']","[42585, 33922, 33075, 30768, 30363, 28496, 19331, 19250, 18195, 17409]",0,0,0,0,0,0,0,0
1,Australia,"['We Can Be Heroes', 'Minions', 'Scoob!', 'The Secret Life of Pets 2', 'The Mitchells vs. The Machines', 'Yes Day', ""Harry Potter and the Philosopher's Stone"", 'Fatherhood', 'Outside the Wire', 'Love and Monsters']","[270, 221, 202, 202, 196, 180, 163, 155, 151, 149]","['Ginny & Georgia', 'New Amsterdam', 'Rick and Morty', 'Bridgerton', 'CoComelon', 'Superstore', 'The Serpent', 'Sex/Life', 'The Good Doctor', 'Firefly Lane']","[554, 526, 520, 466, 425, 337, 334, 327, 308, 289]",Australia,Australia,25695600,51885,2015-03-24,5500,4500000,84700000
2,Australia,"['We Can Be Heroes', 'Minions', 'Scoob!', 'The Secret Life of Pets 2', 'The Mitchells vs. The Machines', 'Yes Day', ""Harry Potter and the Philosopher's Stone"", 'Fatherhood', 'Outside the Wire', 'Love and Monsters']","[270, 221, 202, 202, 196, 180, 163, 155, 151, 149]","['Ginny & Georgia', 'New Amsterdam', 'Rick and Morty', 'Bridgerton', 'CoComelon', 'Superstore', 'The Serpent', 'Sex/Life', 'The Good Doctor', 'Firefly Lane']","[554, 526, 520, 466, 425, 337, 334, 327, 308, 289]",Australia,Australia,25695600,51885,2015-03-24,5500,4500000,84700000
3,Austria,"['I Care a Lot', 'Seaspiracy', 'Wish Dragon', 'Fatherhood', 'Love and Monsters', 'Army of the Dead', 'Spider-Man: Far from Home', 'Yes Day', 'We Can Be Heroes', 'Outside the Wire']","[184, 184, 178, 168, 168, 167, 164, 158, 144, 139]","['Lupin', 'Who Killed Sara?', 'Riverdale', 'Ginny & Georgia', 'Bridgerton', 'Sex/Life', 'S.W.A.T.', 'Firefly Lane', 'The Blacklist', 'The Serpent']","[615, 577, 556, 532, 527, 357, 350, 304, 285, 284]",Europe,Western Europe,8902600,51936,2014-09-19,0,500000,13700000
4,Bangladesh,"['365 Days', 'Ajeeb Daastaans', 'Haseen Dillruba', 'Fifty Shades of Grey', 'Roohi', 'Indoo Ki Jawani', 'The White Tiger', 'Ludo', 'The Girl on the Train', 'Army of the Dead']","[859, 341, 332, 316, 297, 268, 266, 254, 250, 231]","['Friends', 'Vincenzo', 'Sex/Life', 'Bridgerton', 'Money Heist', 'Lupin', 'The Good Doctor', 'Bombay Begums', 'Sexify', 'Tale of the Nine Tailed']","[1491, 890, 475, 457, 457, 390, 367, 339, 300, 278]",Asia,South Asia,161376708,5138,0,0,0,0
5,Belgium,"['We Can Be Heroes', 'Wish Dragon', 'Gemini Man', 'Fatherhood', 'Despicable Me 3', 'Yes Day', 'The Mitchells vs. The Machines', 'Love and Monsters', 'Spider-Man: Far from Home', 'Believe Me: The Abduction of Lisa McVey']","[439, 230, 217, 216, 200, 191, 188, 180, 172, 170]","['Lupin', 'New Amsterdam', 'Who Killed Sara?', 'Ginny & Georgia', 'Bridgerton', 'Sex/Life', 'The Serpent', 'Riverdale', 'Snowpiercer', 'Lucifer']","[722, 636, 582, 510, 480, 465, 446, 382, 336, 310]",Europe,Western Europe,11492641,48224,2014-09-19,4500,1000000,19500000
6,Bolivia,"['Shrek', 'We Can Be Heroes', 'Wish Dragon', 'The Mitchells vs. The Machines', 'Shrek 2', 'The Grinch', 'Minions', 'Yes Day', 'Trouble', 'Army of the Dead']","[504, 438, 400, 358, 302, 216, 198, 180, 169, 153]","['Yo soy Betty la fea', 'Pasión de gavilanes', '100 Dias Para Enamorarnos', 'La Reina del Sur', 'Pablo Escobar, The Drug Lord', 'Who Killed Sara?', 'Nuevo Rico Nuevo Pobre', 'Luis Miguel: The Series', 'Cobra Kai', 'New Amsterdam']","[2025, 809, 570, 498, 454, 399, 387, 368, 331, 331]",Latin America,South America,11428245,7790,2011-09-08,0,150000,0
7,Brazil,"['We Can Be Heroes', 'The Adventures of Sharkboy and Lavagirl', 'Run', 'Wish Dragon', 'The Mitchells vs. The Machines', 'Fatherhood', 'Trouble', 'The Silver Skates', 'Get the Grift', 'Minions']","[450, 176, 171, 162, 162, 155, 151, 147, 142, 142]","['Chiquititas', 'As Aventuras de Poliana', 'Paw Patrol', 'Who Killed Sara?', 'Lupin', 'Carrossel', 'Bridgerton', 'Ginny & Georgia', 'Sex/Life', 'Invisible City']","[1732, 917, 572, 508, 455, 424, 340, 324, 300, 294]",Latin America,South America,210147125,14563,2011-09-05,4400,14000000,176400000
8,Bulgaria,"['I Care a Lot', 'Army of the Dead', 'Love and Monsters', 'Chernobyl: Abyss', 'Tower Heist', 'Death to 2020', 'Fatherhood', 'The Mitchells vs. The Machines', 'Wish Dragon', 'Fear Street: 1994']","[229, 216, 193, 182, 177, 175, 175, 171, 167, 161]","['Ginny & Georgia', 'Lupin', 'Bridgerton', 'Riverdale', 'The Blacklist', 'Sex/Life', 'Lucifer', 'Shadow and Bone', 'New Amsterdam', 'The Good Doctor']","[625, 510, 454, 448, 424, 417, 401, 386, 358, 328]",Europe,Eastern Europe,6951482,26034,2016-01-06,0,100000,5000000
9,Canada,"['We Can Be Heroes', 'The Mitchells vs. The Machines', 'The Secret Life of Pets 2', 'Wrath of Man', ""Finding 'Ohana"", 'Fatherhood', 'Trouble', 'Love and Monsters', 'Yes Day', 'Wish Dragon']","[255, 229, 227, 198, 172, 162, 153, 147, 146, 146]","['New Amsterdam', 'Superstore', 'Manifest', 'Ginny & Georgia', 'Paw Patrol', 'Bridgerton', 'Lupin', 'Who Killed Sara?', 'Blindspot', 'Virgin River']","[545, 498, 428, 415, 399, 393, 358, 337, 317, 310]",North America,North America,38005238,52144,2010-09-22,5800,6500000,110700000
10,Chile,"['We Can Be Heroes', 'Wish Dragon', 'Shrek', 'The Mitchells vs. The Machines', 'The Mole Agent', 'Yes Day', 'Paper Lives', 'Minions', 'Shrek 2', 'Trouble']","[460, 346, 330, 320, 285, 180, 176, 176, 171, 166]","['Yo soy Betty la fea', 'New Amsterdam', 'Pasión de gavilanes', 'Who Killed Sara?', 'Lupin', 'Bridgerton', 'Demon Slayer: Kimetsu no Yaiba', 'Luis Miguel: The Series', 'Vikings', 'Acero, Woman of Steel']","[1205, 653, 628, 514, 411, 404, 366, 321, 299, 285]",Latin America,South America,17574003,27150,2011-09-08,0,1500000,29200000
11,Colombia,"['We Can Be Heroes', 'Wish Dragon', 'The Mitchells vs. The Machines', 'Trouble', 'Yes Day', 'Army of the Dead', 'Fatherhood', 'Paper Lives', 'Run', 'Fear Street: 1994']","[441, 288, 265, 201, 197, 187, 180, 171, 170, 164]","['Pablo Escobar, The Drug Lord', 'Yo soy Betty la fea', 'Chica Vampiro', 'Nuevo Rico Nuevo Pobre', '100 Dias Para Enamorarnos', 'Who Killed Sara?', 'Lupin', 'New Amsterdam', 'Sex/Life', 'The Queen of Flow']","[1499, 1091, 743, 716, 716, 598, 468, 464, 424, 374]",Latin America,South America,50372424,16264,2011-09-09,0,3000000,73100000
12,Costa Rica,"['We Can Be Heroes', 'Wish Dragon', 'Shrek', 'The Mitchells vs. The Machines', 'Fatherhood', 'Trouble', 'Yes Day', 'I Feel Pretty', 'The Grinch', 'Paper Lives']","[421, 309, 213, 197, 195, 195, 189, 186, 177, 159]","['Yo soy Betty la fea', 'Pablo Escobar, The Drug Lord', 'Pasión de gavilanes', 'Nuevo Rico Nuevo Pobre', 'New Amsterdam', '100 Dias Para Enamorarnos', 'Who Killed Sara?', 'Lupin', 'Bridgerton', 'Madre solo hay dos']","[1646, 1026, 854, 613, 599, 561, 484, 376, 348, 255]",Latin America,Central America,4999441,18651,2011-09-12,0,200000,8300000
13,Croatia,"['We Can Be Heroes', 'The Mitchells vs. The Machines', 'Wish Dragon', 'The SpongeBob Movie: Sponge on the Run', 'Fatherhood', 'Yes Day', 'Chernobyl: Abyss', 'Army of the Dead', 'The Woman in the Window', 'Love and Monsters']","[469, 372, 318, 271, 260, 233, 214, 214, 188, 181]","['Ginny & Georgia', 'Lupin', 'Who Killed Sara?', 'Bridgerton', 'Sex/Life', 'El inocente', 'Money Heist', 'The Serpent', 'Shadow and Bone', 'The Crown']","[649, 633, 567, 542, 473, 344, 307, 287, 282, 281]",Europe,Southen Europe,4058165,29207,2016-01-06,0,50000,4900000
14,Cyprus,"['We Can Be Heroes', 'Wish Dragon', 'Fast & Furious Presents: Hobbs & Shaw', 'Fatherhood', 'Spider-Man: Far from Home', 'The Last Mercenary', 'Army of the Dead', 'Yes Day', 'Resort to Love', 'Gemini Man']","[438, 282, 198, 183, 172, 168, 168, 164, 156, 156]","['Lupin', 'Who Killed Sara?', 'Ginny & Georgia', 'Friends', 'Sex/Life', 'Bridgerton', 'The Flash', 'New Amsterdam', 'The Good Doctor', 'Lucifer']","[567, 548, 460, 437, 426, 416, 404, 374, 331, 325]",Asia,Middle-East,1189265,41572,2016-01-06,0,25000,800000
15,Czech Republic,"['We Can Be Heroes', 'The Mitchells vs. The Machines', 'The SpongeBob Movie: Sponge on the Run', 'Wish Dragon', 'The Emoji Movie', 'I Care a Lot', 'Príliš osobná známosť', 'Yes Day', 'Princess Cursed in Time', 'Army of the Dead']","[403, 397, 368, 357, 303, 279, 271, 261, 229, 220]","['The Crown', 'New Amsterdam', 'Lupin', 'Bridgerton', 'Ginny & Georgia', 'Sex/Life', 'Lucifer', 'Riverdale', 'Too Hot to Handle', 'Sexify']","[590, 543, 543, 539, 457, 438, 401, 386, 372, 359]",Europe,Eastern Europe,10693939,40585,2016-01-06,5400,200000,18300000
16,Denmark,"['We Can Be Heroes', 'Wish Dragon', 'Gemini Man', 'The Mitchells vs. The Machines', 'Fatherhood', 'Army of the Dead', 'Minions', 'The Secret Life of Pets 2', 'Seaspiracy', 'Love and Monsters']","[429, 260, 218, 202, 198, 177, 163, 160, 159, 157]","['Peppa Pig', 'Lupin', 'Ginny & Georgia', 'Bridgerton', 'Riverdale', 'Shadow and Bone', 'Sex/Life', ""Gabby's Dollhouse"", 'The Serpent', 'Lucifer']","[674, 589, 473, 455, 359, 331, 318, 315, 310, 304]",Europe,Northern Europe,5824857,51643,2012-10-18,0,1000000,13200000
17,Dominican Republic,"['We Can Be Heroes', 'Yes Day', 'xXx: Return of Xander Cage', 'Xtreme', 'Fatherhood', 'Major Grom: Plague Doctor', 'Outside the Wire', 'I Feel Pretty', 'The Mitchells vs. The Machines', 'Resort to Love']","[500, 164, 159, 149, 147, 140, 137, 136, 134, 132]","['Pasión de gavilanes', 'Pablo Escobar, The Drug Lord', 'Paw Patrol', 'Nuevo Rico Nuevo Pobre', 'Who Killed Sara?', 'New Amsterdam', 'Falsa Identidad', 'Bridgerton', '100 Dias Para Enamorarnos', 'Sex/Life']","[1088, 1046, 617, 559, 531, 500, 463, 412, 360, 356]",Latin America,Caribbean,10878246,20625,2011-09-12,0,200000,6500000
18,Ecuador,"['We Can Be Heroes', 'Wish Dragon', 'Trouble', 'Shrek 2', 'Shrek', 'Fatherhood', 'The Mitchells vs. The Machines', 'Yes Day', 'Paper Lives', 'The Grinch']","[500, 305, 190, 188, 179, 165, 164, 157, 153, 141]","['Yo soy Betty la fea', 'Pasión de gavilanes', 'Pablo Escobar, The Drug Lord', 'Paw Patrol', 'Nuevo Rico Nuevo Pobre', '100 Dias Para Enamorarnos', 'The End of Paradise', 'Who Killed Sara?', 'Acero, Woman of Steel', 'Falsa Identidad']","[1535, 1120, 847, 676, 659, 536, 504, 456, 445, 354]",Latin America,South America,17084358,11701,2011-09-09,0,300000,17900000
19,Egypt,"['We Can Be Heroes', 'The Suit', 'I Care a Lot', 'Monopoly (Bank Of Luck)', 'Wish Dragon', 'Fatherhood', 'Ali Baba', 'Wannabe Courageous', 'Gemini Man', 'Minions']","[442, 390, 295, 275, 274, 266, 248, 217, 214, 209]","['Friends', 'Lupin', 'CoComelon', 'New Amsterdam', 'Sex/Life', 'Bridgerton', 'Sexify', 'Ginny & Georgia', 'Behind Her Eyes', 'The Good Doctor']","[1047, 836, 736, 599, 481, 432, 394, 384, 380, 368]",Africa,Northern Africa,100075480,14023,2016-01-06,0,200000,6100000
20,Estonia,"['The Mitchells vs. The Machines', 'Chernobyl: Abyss', 'Suicide Squad', 'Seaspiracy', 'The Secret Life of Pets 2', 'Army of the Dead', 'We Can Be Heroes', 'Outside the Wire', 'Wish Dragon', 'Love and Monsters']","[326, 272, 266, 231, 217, 212, 203, 200, 195, 188]","['Ginny & Georgia', 'Rick and Morty', 'Friends', 'Lupin', 'The Blacklist', 'Snowpiercer', 'Riverdale', 'Bridgerton', 'Sex/Life', 'Lucifer']","[614, 587, 502, 494, 431, 420, 418, 412, 392, 335]",Europe,Northern Europe,1328976,37033,2016-01-06,0,25000,3700000
21,Finland,"['We Can Be Heroes', 'The Mitchells vs. The Machines', 'The Secret Life of Pets 2', 'Anna', 'Gemini Man', 'Wish Dragon', 'Death Wish', 'John Wick: Chapter 3 – Parabellum', 'Seaspiracy', 'Army of the Dead']","[308, 220, 194, 191, 190, 183, 176, 175, 174, 171]","['Lupin', 'Ginny & Georgia', 'Bridgerton', 'Snowpiercer', 'Sex/Life', 'Riverdale', 'Who Killed Sara?', 'Superstore', 'The Good Doctor', 'Lucifer']","[535, 528, 476, 439, 383, 351, 337, 323, 322, 317]",Europe,Northern Europe,5528737,49334,2012-10-18,0,800000,8400000
22,France,"['We Can Be Heroes', 'I Care a Lot', 'Secret Magic Control Agency', 'Spider-Man: Homecoming', 'The Mitchells vs. The Machines', 'The Last Mercenary', 'Wish Dragon', 'Army of the Dead', 'Love and Monsters', 'Outside the Wire']","[355, 250, 198, 176, 175, 172, 170, 168, 166, 151]","['Lupin', 'Who Killed Sara?', 'Paw Patrol', 'Ginny & Georgia', 'Bridgerton', 'The Serpent', 'Snowpiercer', 'Riverdale', 'New Amsterdam', 'Sex/Life']","[713, 629, 543, 467, 435, 431, 389, 380, 369, 356]",Europe,Western Europe,67081000,45454,2014-09-19,4200,5500000,213000000
23,Germany,"['I Care a Lot', 'Army of the Dead', 'Wish Dragon', 'Spider-Man: Far from Home', 'Love and Monsters', 'We Can Be Heroes', 'Fatherhood', 'Yes Day', 'Deadpool 2', 'Outside the Wire']","[189, 188, 179, 173, 169, 161, 160, 149, 144, 143]","['Lupin', 'Who Killed Sara?', 'Paw Patrol', 'Bridgerton', 'Ginny & Georgia', 'Riverdale', 'S.W.A.T.', 'The Blacklist', 'Sex/Life', 'Shadow and Bone']","[617, 599, 560, 493, 492, 483, 360, 289, 276, 243]",Europe,Western Europe,83166711,53571,2014-09-19,4500,5500000,118600000
24,Greece,"['We Can Be Heroes', 'Wish Dragon', 'I Care a Lot', 'The Last Mercenary', 'Yes Day', 'Minions', 'The Mitchells vs. The Machines', 'Secret Magic Control Agency', 'Spider-Man: Far from Home', 'Army of the Dead']","[377, 215, 180, 166, 165, 160, 157, 157, 156, 155]","['The Blacklist', 'Lupin', 'Who Killed Sara?', 'Sex/Life', 'Bridgerton', 'Rick and Morty', 'Riverdale', 'Ginny & Georgia', 'Lucifer', 'The Serpent']","[690, 612, 523, 384, 374, 334, 327, 313, 305, 293]",Europe,Southen Europe,10724599,29045,2016-01-06,0,100000,9600000
25,Guatemala,"['We Can Be Heroes', 'Wish Dragon', 'The Grinch', 'Paper Lives', 'Trouble', 'Shrek', 'The Mitchells vs. The Machines', 'Minions', 'Fatherhood', 'I Feel Pretty']","[423, 329, 226, 194, 189, 188, 178, 177, 173, 173]","['Yo soy Betty la fea', 'Pablo Escobar, The Drug Lord', 'Pasión de gavilanes', '100 Dias Para Enamorarnos', 'Nuevo Rico Nuevo Pobre', 'Who Killed Sara?', 'Falsa Identidad', 'New Amsterdam', 'Lupin', 'Bridgerton']","[1833, 1150, 982, 683, 671, 461, 455, 426, 362, 311]",Latin America,Central America,17263239,8413,2011-09-12,0,200000,0
26,Honduras,"['We Can Be Heroes', 'Shrek', 'Wish Dragon', 'Fatherhood', 'Paper Lives', 'Shrek 2', 'Yes Day', 'I Feel Pretty', 'The Mitchells vs. The Machines', 'Trouble']","[428, 255, 242, 177, 170, 168, 166, 163, 148, 148]","['Pasión de gavilanes', 'Pablo Escobar, The Drug Lord', 'Yo soy Betty la fea', 'Nuevo Rico Nuevo Pobre', '100 Dias Para Enamorarnos', 'Who Killed Sara?', 'Paw Patrol', 'New Amsterdam', 'Lupin', 'Bridgerton']","[1447, 1408, 1326, 658, 513, 457, 374, 367, 348, 324]",Latin America,Central America,9587522,5817,0,0,0,0
27,Hong-Kong,"['Aquaman', 'John Wick', 'Army of the Dead', 'Fast & Furious Presents: Hobbs & Shaw', 'Dynasty Warriors', 'Kingdom: Ashin of the North', 'Blood Red Sky', 'The Mitchells vs. The Machines', 'Ten Years', 'Outside the Wire']","[257, 240, 231, 228, 204, 198, 185, 183, 176, 171]","['Vincenzo', 'Sisyphus: The Myth', 'The Uncanny Counter', 'Jujutsu Kaisen', 'Nevertheless', 'Mine', 'My Hero Academia', 'Sex/Life', 'Hospital Playlist', 'Lupin']","[1081, 714, 559, 458, 427, 380, 358, 348, 333, 322]",Asia,East Asia,7500700,58165,2016-01-06,0,300000,24400000
28,Hungary,"['The Mitchells vs. The Machines', 'Yes Day', 'We Can Be Heroes', 'The SpongeBob Movie: Sponge on the Run', 'I Care a Lot', ""Finding 'Ohana"", 'Thunder Force', 'Wish Dragon', 'Army of the Dead', 'Fatherhood']","[387, 345, 322, 310, 280, 259, 249, 234, 232, 213]","['Money Heist', 'Lupin', 'Bridgerton', 'Sex/Life', 'Ginny & Georgia', 'The Crown', 'Shadow and Bone', 'Riverdale', 'Who Killed Sara?', 'Sexify']","[1514, 740, 703, 500, 450, 342, 310, 306, 303, 296]",Europe,Eastern Europe,9772756,35941,2016-01-06,5300,200000,15500000
29,Iceland,"['The Mitchells vs. The Machines', 'We Can Be Heroes', 'Venom', 'Wish Dragon', 'Gemini Man', 'Fatherhood', 'News of the World', 'Yes Day', 'Kung Fu Panda 3', 'Army of the Dead']","[393, 388, 228, 227, 198, 186, 168, 167, 163, 162]","['Brooklyn Nine-Nine', 'Ginny & Georgia', 'Lupin', 'The Office', 'Bridgerton', 'The Good Doctor', 'Who Killed Sara?', 'Katla', 'Sex/Life', 'The Serpent']","[771, 501, 425, 412, 373, 352, 328, 312, 291, 286]",Europe,Northern Europe,364134,56066,2016-01-06,0,100000,1300000
30,India,"['365 Days', 'Haseen Dillruba', 'Fifty Shades of Grey', 'The White Tiger', 'Ajeeb Daastaans', 'Jagame Thandhiram', 'Roohi', 'Ludo', 'Indoo Ki Jawani', 'The Girl on the Train']","[562, 410, 384, 358, 320, 275, 267, 267, 262, 248]","['Friends', 'Money Heist', 'The Bold Type', 'Lucifer', 'Sex/Life', 'Bridgerton', 'Lupin', 'Bombay Begums', 'Vincenzo', 'The Good Doctor']","[1569, 1163, 544, 503, 503, 479, 390, 380, 345, 292]",Asia,South Asia,1352642280,6283,2014-09-19,5600,500000,1560000000
31,Ireland,"['The Secret Life of Pets 2', 'We Can Be Heroes', 'The Mitchells vs. The Machines', 'Seaspiracy', 'Fatherhood', 'Suicide Squad', 'Wish Dragon', 'Believe Me: The Abduction of Lisa McVey', 'Love and Monsters', 'Spider-Man: Far from Home']","[215, 199, 199, 192, 168, 163, 159, 151, 149, 146]","['CoComelon', 'Ginny & Georgia', 'Paw Patrol', 'Bridgerton', 'The Bold Type', 'Sex/Life', 'Lupin', 'Virgin River', 'Behind Her Eyes', 'StartUp']","[1021, 470, 462, 447, 406, 370, 349, 337, 302, 296]",Europe,Northern Europe,4977400,86988,2012-01-04,0,500000,15100000
32,Israel,"['We Can Be Heroes', 'Wish Dragon', 'Yes Day', 'The SpongeBob Movie: Sponge on the Run', 'Fatherhood', 'I Care a Lot', 'The Mitchells vs. The Machines', 'Fast & Furious Presents: Hobbs & Shaw', 'Minions', 'Focus']","[955, 281, 250, 238, 234, 227, 208, 206, 205, 171]","['Lupin', 'The Blacklist', 'Bridgerton', 'Who Killed Sara?', 'The Bold Type', 'Ginny & Georgia', 'Rick and Morty', 'Sex/Life', 'The Good Doctor', 'Lucifer']","[624, 607, 538, 518, 513, 487, 442, 438, 315, 308]",Asia,Middle-East,9277200,40336,2016-01-06,4800,300000,14000000
33,Italy,"['Fatherhood', 'A Star is Born', 'Love and Monsters', 'Major Grom: Plague Doctor', 'Belleville Cop', 'Wish Dragon', 'Aquaman', 'The Mitchells vs. The Machines', 'Ava', 'Resort to Love']","[216, 175, 171, 162, 155, 150, 149, 145, 144, 144]","['Lupin', 'Ginny & Georgia', 'Who Killed Sara?', 'Bridgerton', 'Riverdale', 'Sex/Life', 'New Amsterdam', 'Lucifer', 'The Serpent', 'Elite']","[689, 576, 520, 504, 419, 410, 385, 380, 327, 300]",Europe,Southen Europe,60317116,40470,2015-10-23,4000,2500000,104400000
34,Jamaica,[],[],[],[],Latin America,Caribbean,2726667,9434,0,0,0,0
35,Japan,"['Parasite', 'Nihontouitsu Series', 'One Piece: Stampede', 'Tenet', 'A Family', ""Doraemon: Nobita's Chronicle of the Moon Exploration"", 'Sunny: Our Hearts Beat Together', 'Your Eyes Tell', 'Neon Genesis Evangelion: The End of Evangelion', 'Crayon Shin-chan the Movie: Burst Serving! Kung Fu Boys ~Ramen Rebellion~']","[282, 279, 239, 230, 225, 185, 180, 180, 174, 173]","['Jujutsu Kaisen', 'Tokyo Revengers', 'Tokyo Revengers', 'Vincenzo', 'Crash Landing on You', 'My Hero Academia', 'That Time I Got Reincarnated as a Slime', 'Attack on Titan', 'Nevertheless', 'The Seven Deadly Sins', 'Mine']","[1203, 1173, 1164, 1039, 991, 592, 536, 494, 435, 369, 306]",Asia,East Asia,125960000,43194,2015-03-24,5100,4300000,194900000
36,Jordan,"['We Can Be Heroes', '365 Days', 'Fatherhood', 'Wish Dragon', 'I Care a Lot', 'Gemini Man', 'Minions', 'Den of Thieves', 'Fifty Shades of Grey', 'Run']","[680, 399, 290, 277, 252, 239, 200, 195, 181, 177]","['Friends', 'New Amsterdam', 'Lupin', 'Sex/Life', 'Bridgerton', 'Lucifer', 'Rick and Morty', 'The Good Doctor', 'Sexify', 'Ginny & Georgia']","[1376, 802, 722, 461, 386, 376, 369, 367, 351, 344]",Asia,Middle-East,10658123,9406,0,0,0,0
37,Kuwait,"['We Can Be Heroes', 'I Care a Lot', 'Fatherhood', 'Army of the Dead', 'Wish Dragon', 'Gemini Man', 'Minions', 'Venom', 'Below Zero', 'Blood Red Sky']","[693, 218, 217, 199, 185, 176, 174, 166, 160, 156]","['CoComelon', 'Lupin', 'New Amsterdam', 'Vincenzo', 'Sex/Life', 'Friends', 'The Good Doctor', 'Bridgerton', 'Who Killed Sara?', 'Ginny & Georgia']","[895, 794, 699, 502, 451, 439, 370, 366, 330, 301]",Asia,Middle-East,4420110,67891,2016-01-06,0,50000,5900000
38,Latvia,"['The Secret Life of Pets 2', 'Wish Dragon', 'Minions', 'The Mitchells vs. The Machines', 'Chernobyl: Abyss', 'Despicable Me 2', 'We Can Be Heroes', 'The Emoji Movie', 'Army of the Dead', 'Penguins of Madagascar']","[433, 360, 332, 303, 285, 254, 226, 217, 187, 181]","['Ginny & Georgia', 'Rick and Morty', 'Friends', 'Riverdale', 'Lupin', 'Bridgerton', 'Snowpiercer', 'Sex/Life', 'The Blacklist', 'New Amsterdam']","[620, 568, 560, 509, 480, 446, 441, 437, 364, 323]",Europe,Northern Europe,1907675,30579,2016-01-06,0,25000,2700000
39,Lebanon,"['We Can Be Heroes', 'Fatherhood', '365 Days', 'Gemini Man', 'Den of Thieves', 'I Care a Lot', 'Fifty Shades of Grey', 'Wish Dragon', 'Angel Has Fallen', 'Yes Day']","[511, 280, 263, 237, 216, 212, 204, 193, 190, 180]","['Friends', 'New Amsterdam', 'Lupin', 'Who Killed Sara?', 'Sex/Life', 'Bridgerton', 'Ginny & Georgia', 'Lucifer', 'The Good Doctor', 'Rick and Morty']","[930, 789, 716, 548, 457, 432, 382, 344, 338, 293]",Asia,Middle-East,6859408,11562,2016-01-06,0,25000,2700000
40,Lithuania,"['The Mitchells vs. The Machines', 'Wish Dragon', 'Chernobyl: Abyss', 'Seaspiracy', 'The Secret Life of Pets 2', 'Minions', 'Army of the Dead', 'Outside the Wire', 'Love and Monsters', 'Yes Day']","[325, 319, 271, 249, 246, 238, 204, 190, 183, 173]","['Friends', 'Ginny & Georgia', 'Rick and Morty', 'Lupin', 'Bridgerton', 'Sex/Life', 'Who Killed Sara?', 'Snowpiercer', 'Riverdale', 'New Amsterdam']","[653, 606, 593, 526, 462, 432, 419, 405, 341, 335]",Europe,Northern Europe,2795334,38605,2016-01-06,0,25000,4200000
41,Luxembourg,"['We Can Be Heroes', 'Fatherhood', 'Wish Dragon', 'Yes Day', 'Army of the Dead', 'Love and Monsters', 'Minions', 'The Mitchells vs. The Machines', 'Spider-Man: Far from Home', 'Secret Magic Control Agency']","[391, 273, 265, 206, 196, 192, 192, 188, 180, 165]","['Lupin', 'Who Killed Sara?', 'Ginny & Georgia', 'Capitani', 'Bridgerton', 'Sex/Life', 'Riverdale', 'The Serpent', 'S.W.A.T.', 'Snowpiercer']","[698, 609, 483, 415, 410, 391, 382, 369, 328, 311]",Europe,Western Europe,626108,112045,2014-09-19,0,150000,0
42,Malaysia,"['Upin & Ipin: The Lone Gibbon Kris', 'We Can Be Heroes', 'Addicted', 'The Con-Heartist', 'Space Sweepers', 'Wish Dragon', 'Army of the Dead', 'Gifted', 'Outside the Wire', 'Love and Monsters']","[290, 223, 187, 186, 162, 159, 151, 149, 149, 142]","['Vincenzo', 'Sisyphus: The Myth', 'Nevertheless', 'Attack on Titan', 'Law School', 'Sex/Life', 'Hospital Playlist', 'Mine', 'Tale of the Nine Tailed', 'Love Marriage Divorce', 'Love Marriage Divorce']","[1407, 591, 506, 495, 456, 404, 374, 373, 371, 362, 362]",Asia,South-East Asia,32730000,27287,2016-01-06,0,100000,77800000
43,Malta,[],[],[],[],Europe,Southen Europe,514564,48246,2016-01-06,0,10000,0
44,Mexico,"['We Can Be Heroes', 'Shrek', 'Wish Dragon', 'The Grinch', 'Shrek 2', 'Minions', 'The Mitchells vs. The Machines', 'Paper Lives', 'Yes Day', 'Fatherhood']","[422, 301, 248, 241, 230, 206, 203, 176, 157, 152]","['Yo soy Betty la fea', '100 Dias Para Enamorarnos', 'Falsa Identidad', 'Who Killed Sara?', 'Luis Miguel: The Series', 'New Amsterdam', 'Paw Patrol', 'Lupin', 'The War Next-door', 'Madre solo hay dos']","[1228, 928, 819, 549, 469, 415, 404, 382, 360, 326]",Latin America,Central America,128649565,21362,2011-09-12,4500,5000000,342000000
45,Montenegro,[],[],[],[],Europe,Southen Europe,622359,20977,2016-01-06,0,5000,300000
46,Morocco,"['365 Days', 'Fatherhood', 'We Can Be Heroes', 'Fast & Furious Presents: Hobbs & Shaw', 'Sky High', 'Gemini Man', 'Fifty Shades of Grey', 'Wish Dragon', 'Major Grom: Plague Doctor', 'Army of the Dead']","[562, 324, 241, 239, 225, 204, 200, 193, 191, 189]","['Lupin', 'New Amsterdam', 'Who Killed Sara?', 'Sex/Life', 'Elite', 'Ginny & Georgia', 'Vikings', 'Bridgerton', 'El inocente', 'Behind Her Eyes']","[902, 695, 570, 507, 421, 404, 375, 356, 344, 307]",Africa,Northern Africa,37037908,9339,2016-01-06,0,25000,1900000
47,Netherlands,"['We Can Be Heroes', 'Ferry', 'Life as it should be', 'Wish Dragon', 'Fatherhood', 'Despicable Me 3', 'Yes Day', 'News of the World', 'The Mitchells vs. The Machines', 'Army of the Dead']","[435, 220, 210, 209, 192, 168, 156, 150, 144, 143]","['New Amsterdam', 'Lupin', 'The Serpent', 'Who Killed Sara?', 'Ginny & Georgia', 'Bridgerton', 'Sex/Life', 'Virgin River', 'Paw Patrol', 'Lucifer']","[734, 672, 481, 467, 435, 425, 376, 364, 345, 273]",Europe,Western Europe,17418808,58255,2013-09-11,3900,3000000,38000000
48,New Zealand,"['We Can Be Heroes', 'The Secret Life of Pets 2', 'Jumanji: Welcome to the Jungle', 'Minions', 'Peter Rabbit', 'Hotel Transylvania 3: Summer Vacation', 'The Mitchells vs. The Machines', 'Wish Dragon', 'Ready Player One', 'Abominable']","[264, 210, 199, 196, 182, 177, 173, 158, 158, 157]","['New Amsterdam', 'CoComelon', 'Bridgerton', 'Rick and Morty', 'Ginny & Georgia', 'S.W.A.T.', 'The Serpent', 'Sex/Life', 'Riverdale', 'Firefly Lane']","[785, 736, 512, 504, 435, 377, 346, 331, 295, 279]",Australia,Australia,5095180,41072,2015-03-24,0,500000,16100000
49,Nicaragua,"['We Can Be Heroes', 'Wish Dragon', 'I Feel Pretty', 'Fatherhood', 'Shrek', 'Shrek 2', 'Paper Lives', 'Yes Day', 'Run', 'Minions']","[363, 201, 199, 184, 172, 165, 158, 153, 148, 146]","['Yo soy Betty la fea', 'Pablo Escobar, The Drug Lord', 'Pasión de gavilanes', 'Nuevo Rico Nuevo Pobre', '100 Dias Para Enamorarnos', 'Who Killed Sara?', 'New Amsterdam', 'Lupin', 'Bridgerton', 'Madre solo hay dos']","[1844, 1396, 1231, 650, 572, 450, 405, 331, 320, 277]",Latin America,Central America,6486201,5683,0,0,0,0
50,Nigeria,"['Fate of Alakada', 'Namaste Wahala', 'Fatherhood', 'We Can Be Heroes', 'Outside the Wire', 'Rattlesnake: The Ahanna Story', 'This Lady Called Life', 'Army of the Dead', 'Kambili: The Whole 30 Yards', 'I Care a Lot']","[271, 259, 214, 206, 193, 189, 188, 179, 176, 176]","['Vincenzo', 'Bridgerton', 'New Amsterdam', 'Lupin', 'Sex/Life', 'CoComelon', 'Ginny & Georgia', 'Behind Her Eyes', 'The Good Doctor', 'Tale of the Nine Tailed']","[992, 675, 569, 554, 509, 507, 479, 363, 327, 327]",Africa,Western Africa,206630269,5066,2016-01-06,0,50000,0
51,Norway,"['We Can Be Heroes', 'Wish Dragon', 'The Mitchells vs. The Machines', 'Gemini Man', 'Fatherhood', 'The Secret Life of Pets 2', 'Army of the Dead', 'Yes Day', 'Minions', 'Anna']","[458, 251, 249, 212, 189, 172, 170, 169, 167, 166]","['Lupin', 'Bridgerton', 'Ginny & Georgia', 'Snabba Cash', 'Sex/Life', 'Riverdale', 'Who Killed Sara?', 'Virgin River', 'Shadow and Bone', 'Lucifer']","[505, 493, 462, 389, 387, 370, 353, 352, 319, 302]",Europe,Northern Europe,5432580,79638,2012-10-18,0,1100000,11300000
52,Oman,"['We Can Be Heroes', 'Mimi', 'Army of the Dead', 'Fifty Shades of Grey', 'Fatherhood', 'Fast & Furious Presents: Hobbs & Shaw', 'Major Grom: Plague Doctor', 'The White Tiger', 'Paper Lives', 'Below Zero']","[311, 209, 207, 197, 194, 179, 174, 169, 163, 162]","['Resurrection: Ertugrul', 'Lupin', 'New Amsterdam', 'Vincenzo', 'CoComelon', 'Sex/Life', 'The Good Doctor', 'Bridgerton', 'Sexify', 'Vikings']","[1642, 773, 665, 623, 499, 473, 363, 351, 314, 311]",Asia,Middle-East,4829473,47366,0,0,0,0
53,Pakistan,"['365 Days', 'Haseen Dillruba', 'Ajeeb Daastaans', 'Fifty Shades of Grey', 'Ludo', 'Roohi', 'The White Tiger', 'Indoo Ki Jawani', 'The Girl on the Train', 'Sardar Ka Grandson']","[728, 415, 378, 338, 326, 307, 279, 274, 263, 260]","['Money Heist', 'Resurrection: Ertugrul', 'Friends', 'New Amsterdam', 'Sex/Life', 'Bridgerton', 'Lupin', 'The Good Doctor', 'Sexify', 'Who Killed Sara?']","[1114, 968, 917, 578, 511, 485, 449, 387, 366, 330]",Asia,South Asia,212228286,5160,0,0,0,0
54,Panama,"['We Can Be Heroes', 'Wish Dragon', 'The Mitchells vs. The Machines', 'Yes Day', 'Fatherhood', 'Minions', 'I Feel Pretty', 'Trouble', 'Outside the Wire', 'Love and Monsters']","[371, 211, 179, 178, 169, 163, 158, 146, 146, 145]","['Pablo Escobar, The Drug Lord', 'Yo soy Betty la fea', 'New Amsterdam', 'Who Killed Sara?', 'Lupin', 'Paw Patrol', 'Falsa Identidad', '100 Dias Para Enamorarnos', 'Bridgerton', 'Sex/Life']","[1221, 1083, 594, 561, 442, 367, 363, 345, 321, 315]",Latin America,Central America,4176869,28456,0,0,0,0
55,Paraguay,"['We Can Be Heroes', 'Wish Dragon', 'I Feel Pretty', 'Paper Lives', 'The Mitchells vs. The Machines', 'Fatherhood', 'Yes Day', 'Trouble', 'Run', 'Minions']","[367, 211, 201, 198, 184, 162, 160, 156, 146, 145]","['Pablo Escobar, The Drug Lord', 'Yo soy Betty la fea', 'New Amsterdam', 'Who Killed Sara?', 'Nuevo Rico Nuevo Pobre', 'Pasión de gavilanes', '100 Dias Para Enamorarnos', 'Lupin', 'Luis Miguel: The Series', 'Bridgerton']","[1205, 629, 614, 574, 535, 492, 490, 425, 392, 372]",Latin America,South America,7292672,15030,0,0,0,0
56,Peru,"['We Can Be Heroes', 'Wish Dragon', 'The Mitchells vs. The Machines', 'Shrek', 'Yes Day', 'Fatherhood', 'Army of the Dead', 'Shrek 2', 'Paper Lives', 'Minions']","[404, 283, 231, 177, 173, 166, 165, 161, 155, 148]","['Yo soy Betty la fea', 'Pasión de gavilanes', 'Pablo Escobar, The Drug Lord', '100 Dias Para Enamorarnos', 'Acero, Woman of Steel', 'Who Killed Sara?', 'New Amsterdam', 'Lupin', 'Nuevo Rico Nuevo Pobre', 'Pokémon Journeys']","[1379, 1176, 707, 529, 461, 415, 413, 404, 401, 363]",Latin America,South America,32824358,11516,2011-09-09,0,300000,51500000
57,Philippines,"['We Can Be Heroes', 'Army of the Dead', 'Space Sweepers', 'My Amanda', 'The Mitchells vs. The Machines', 'Blood Red Sky', 'To All the Boys: Always and Forever', 'In the Heart of the Sea', 'Outside the Wire', 'Love or Money']","[225, 168, 146, 145, 131, 128, 123, 120, 117, 115]","['Vincenzo', 'Attack on Titan', 'CoComelon', 'Law School', 'Nevertheless', 'Sisyphus: The Myth', 'Sex/Life', 'The Uncanny Counter', 'The Good Doctor', 'Bridgerton']","[1139, 618, 607, 521, 514, 505, 399, 373, 359, 351]",Asia,South-East Asia,109048269,10094,2016-01-06,0,100000,85010000
58,Poland,"['The Loop', 'The Mitchells vs. The Machines', 'The Hater', 'Wish Dragon', 'Minions', 'The Secret Life of Pets 2', 'Chernobyl: Abyss', 'Fatherhood', 'Space Jam', 'We Can Be Heroes']","[259, 198, 188, 185, 175, 168, 167, 165, 164, 162]","['Paw Patrol', 'New Amsterdam', 'Lupin', 'Who Killed Sara?', 'Ginny & Georgia', 'Riverdale', 'The Good Doctor', 'Sexify', 'Sex/Life', 'Lucifer']","[1193, 813, 579, 522, 391, 364, 341, 337, 333, 317]",Europe,Eastern Europe,38383000,35651,2016-01-06,3900,1500000,60600000
59,Portugal,"['We Can Be Heroes', 'Fatherhood', 'Wish Dragon', 'The Mitchells vs. The Machines', 'I Care a Lot', 'Yes Day', 'Love and Monsters', 'Army of the Dead', 'Spider-Man: Far from Home', 'The Woman in the Window']","[349, 244, 228, 193, 175, 174, 167, 166, 164, 163]","['Lupin', 'Who Killed Sara?', 'New Amsterdam', 'Bridgerton', 'Riverdale', 'Sex/Life', 'Ginny & Georgia', 'Snowpiercer', 'Lucifer', 'El inocente']","[678, 652, 586, 434, 392, 388, 358, 316, 293, 293]",Europe,Southen Europe,10295909,36246,2015-10-23,3600,800000,15500000
60,Qatar,"['We Can Be Heroes', 'I Care a Lot', 'Army of the Dead', 'Wish Dragon', 'Minions', 'Fatherhood', 'Yes Day', 'Mimi', 'Gemini Man', 'Major Grom: Plague Doctor']","[374, 186, 178, 171, 152, 152, 150, 144, 143, 142]","['CoComelon', 'Vincenzo', 'New Amsterdam', 'Lupin', 'Sex/Life', 'Bridgerton', 'The Good Doctor', 'Who Killed Sara?', 'Ginny & Georgia', 'Tale of the Nine Tailed']","[802, 782, 673, 671, 481, 395, 372, 283, 270, 239]",Asia,Middle-East,2795484,138910,2016-01-06,0,50000,3100000
61,Romania,"['Resort to Love', 'We Can Be Heroes', 'Love and Monsters', 'Fatherhood', 'Army of the Dead', 'The Last Mercenary', 'Fifty Shades of Grey', 'Yes Day', 'Gemini Man', 'Outside the Wire']","[179, 173, 145, 145, 142, 141, 140, 139, 139, 136]","['The Blacklist', 'New Amsterdam', 'Lucifer', 'Sex/Life', 'Ginny & Georgia', 'Lupin', 'Riverdale', 'Bridgerton', 'Who Killed Sara?', 'Snowpiercer']","[981, 824, 489, 473, 445, 443, 440, 425, 391, 300]",Europe,Eastern Europe,19317984,29555,2016-01-06,5200,1000000,13100000
62,Russia,"['Murder Mystery', '6 Underground', 'Major Grom: Plague Doctor', 'Enola Holmes', 'Wish Dragon', 'Sonic the Hedgehog', 'Army of the Dead', 'Outside the Wire', 'Thunder Force', 'Chernobyl: Abyss']","[961, 743, 565, 377, 362, 360, 342, 268, 266, 254]","['Lupin', 'Money Heist', ""The Queen's Gambit"", 'Bridgerton', 'Snowpiercer', 'The Crown', 'Sex/Life', 'Behind Her Eyes', 'The Witcher', 'Elite']","[1098, 1080, 949, 742, 618, 587, 522, 510, 469, 461]",Europe,Eastern Europe,146748590,28184,2016-01-06,5000,2000000,219400000
63,Saudi Arabia,"['We Can Be Heroes', '365 Days', 'Fast & Furious Presents: Hobbs & Shaw', 'Den of Thieves', 'Fatherhood', 'Run', 'Below Zero', 'I Care a Lot', 'Army of the Dead', 'Gemini Man']","[539, 369, 302, 256, 234, 227, 213, 212, 198, 191]","['Vincenzo', 'New Amsterdam', 'Lupin', 'Sex/Life', 'Bridgerton', 'Ginny & Georgia', 'The Good Doctor', 'SpongeBob SquarePants', 'Who Killed Sara?', 'Masameer County']","[960, 948, 881, 459, 367, 362, 351, 347, 317, 314]",Asia,Middle-East,34218169,56817,2016-01-06,0,100000,6500000
64,Serbia,"['Fatherhood', 'Army of the Dead', 'The Mitchells vs. The Machines', 'We Can Be Heroes', 'The Woman in the Window', 'The Grinch', 'Wish Dragon', 'Resort to Love', 'To All the Boys: Always and Forever', 'Love and Monsters']","[257, 217, 215, 203, 202, 186, 185, 182, 176, 176]","['Lupin', 'Ginny & Georgia', 'Who Killed Sara?', 'The Blacklist', 'Bridgerton', 'Sex/Life', 'El inocente', ""The Queen's Gambit"", 'Lucifer', 'Behind Her Eyes']","[708, 580, 567, 521, 479, 473, 416, 387, 344, 338]",Europe,Southen Europe,6963764,19767,2016-01-06,0,50000,0
65,Singapore,"['We Can Be Heroes', 'Fast & Furious Presents: Hobbs & Shaw', 'Charlie and the Chocolate Factory', 'The Diam Diam Era', 'Outside the Wire', 'Seaspiracy', 'Army of the Dead', 'Love and Monsters', 'The Yin Yang Master: Dream of Eternity', 'Aquaman']","[201, 182, 176, 161, 155, 153, 150, 148, 148, 145]","['Vincenzo', 'Sisyphus: The Myth', 'Love Marriage Divorce', 'Love Marriage Divorce', 'The Uncanny Counter', 'Hospital Playlist', 'The Good Doctor', 'Nevertheless', 'Law School', 'Mine', 'Lupin']","[1155, 542, 511, 511, 387, 373, 367, 366, 361, 355, 353]",Asia,South-East Asia,5703600,107604,2016-01-06,0,100000,18500000
66,Slovakia,"['Wish Dragon', 'The Mitchells vs. The Machines', 'I Care a Lot', 'The SpongeBob Movie: Sponge on the Run', 'Yes Day', 'Seaspiracy', 'The Grinch', 'We Can Be Heroes', 'Fatherhood', 'Army of the Dead']","[382, 375, 307, 257, 256, 253, 249, 243, 239, 232]","['Lupin', 'New Amsterdam', 'Bridgerton', 'Ginny & Georgia', 'The Crown', 'Sex/Life', 'Sexify', 'Who Killed Sara?', 'Too Hot to Handle', 'Shadow and Bone']","[643, 625, 602, 484, 480, 461, 374, 369, 315, 309]",Europe,Eastern Europe,5457926,38321,2016-01-06,5500,50000,6500000
67,Slovenia,"['Fatherhood', 'Army of the Dead', 'Chernobyl: Abyss', 'Spider-Man: Far from Home', 'Fifty Shades of Grey', 'Seaspiracy', 'The Grinch', 'To All the Boys: Always and Forever', 'Suicide Squad', 'Love and Monsters']","[276, 205, 203, 175, 173, 171, 166, 162, 161, 161]","['Ginny & Georgia', 'Lupin', 'New Amsterdam', 'The Blacklist', 'Sex/Life', 'Bridgerton', 'Who Killed Sara?', 'Lucifer', 'The Good Doctor', 'Riverdale']","[596, 536, 503, 484, 469, 443, 402, 376, 344, 338]",Europe,Southen Europe,2095861,40343,2016-01-06,0,50000,2400000
68,South Africa,"['We Can Be Heroes', 'I Care a Lot', 'Yes Day', 'Fatherhood', 'Wish Dragon', 'Thunder Force', 'The Mitchells vs. The Machines', 'Resort to Love', 'To All the Boys: Always and Forever', 'Outside the Wire']","[247, 225, 186, 168, 163, 156, 155, 150, 149, 145]","['New Amsterdam', 'CoComelon', 'Ginny & Georgia', 'Bridgerton', 'Superstore', 'The Good Doctor', 'Rick and Morty', 'Sex/Life', 'Lupin', 'Who Killed Sara?']","[823, 702, 525, 515, 380, 358, 338, 337, 311, 302]",Africa,Southern Africa,59622350,11911,2016-01-06,5300,500000,18500000
69,South Korea,"['365 Days', 'Space Sweepers', 'Night in Paradise', 'Kingdom: Ashin of the North', 'Sweet & Sour', 'Parasite', 'Samjin Company English Class', 'The 8th Night', 'Army of the Dead', 'Extreme Job']","[545, 432, 325, 259, 255, 241, 238, 228, 219, 216]","['Vincenzo', 'Hospital Playlist', 'The Iron Squad', 'Love Marriage Divorce', 'Love Marriage Divorce', 'Demon Slayer: Kimetsu no Yaiba', 'Sisyphus: The Myth', 'Law School', 'Mine', 'The Uncanny Counter', 'Nevertheless']","[963, 778, 685, 669, 669, 546, 542, 525, 482, 473, 450]",Asia,East Asia,51709098,44292,2016-01-06,4400,3500000,226700000
70,Spain,"['We Can Be Heroes', 'Crazy About Her', 'The Mitchells vs. The Machines', 'Army of the Dead', 'Hasta que la boda nos separe', 'Fatherhood', 'Yes Day', 'Below Zero', 'Wish Dragon', 'Anna']","[244, 221, 186, 184, 184, 184, 183, 177, 159, 156]","['Lupin', 'New Amsterdam', 'La cocinera de Castamar', 'Bridgerton', 'Who Killed Sara?', 'Sky Rojo', 'Sex/Life', 'El inocente', 'Elite', 'Ginny & Georgia']","[704, 659, 610, 590, 551, 490, 410, 408, 336, 288]",Europe,Southen Europe,47431256,38143,2015-10-23,3900,5000000,104900000
71,Sri Lanka,"['The White Tiger', 'The Boy Next Door', 'Fifty Shades of Grey', 'Haseen Dillruba', '365 Days', 'Army of the Dead', 'Mimi', 'Ajeeb Daastaans', 'The Man from U.N.C.L.E.', 'Outside the Wire']","[252, 248, 224, 216, 208, 206, 180, 174, 170, 161]","['Friends', 'Vincenzo', 'New Amsterdam', 'Bridgerton', 'Sex/Life', 'Lupin', 'The Good Doctor', 'Riverdale', 'Lucifer', 'Ginny & Georgia']","[1014, 756, 592, 560, 486, 438, 381, 378, 351, 313]",Asia,South Asia,21803000,14509,0,0,0,0
72,Sweden,"['We Can Be Heroes', 'Wish Dragon', 'The Secret Life of Pets 2', 'Gemini Man', 'The Informer', 'The Mitchells vs. The Machines', 'Minions', 'Fatherhood', 'Love and Monsters', 'Yes Day']","[421, 210, 206, 206, 195, 186, 180, 159, 155, 153]","['Lupin', 'Snabba Cash', 'Ginny & Georgia', 'Bridgerton', ""Gabby's Dollhouse"", 'The Serpent', 'Sex/Life', 'Young Royals', 'Who Killed Sara?', 'Snowpiercer']","[601, 576, 501, 447, 396, 363, 349, 348, 338, 306]",Europe,Northern Europe,10367232,52477,2012-10-18,0,1500000,15900000
73,Switzerland,"['Fatherhood', 'Seaspiracy', 'We Can Be Heroes', 'Wish Dragon', 'Love and Monsters', 'Army of the Dead', 'Yes Day', 'Minions', 'Spider-Man: Far from Home', 'Major Grom: Plague Doctor']","[275, 268, 220, 192, 191, 179, 168, 167, 166, 161]","['Lupin', 'Who Killed Sara?', 'Ginny & Georgia', 'Bridgerton', 'Riverdale', 'Paw Patrol', 'Snowpiercer', 'The Serpent', 'Firefly Lane', 'Sex/Life']","[730, 584, 508, 451, 401, 382, 369, 369, 297, 297]",Europe,Western Europe,8570146,67557,2014-09-19,4900,800000,12500000
74,Taiwan,"['Gatao: The Last Stray', 'Little Big Women', 'Classmates Minus', 'Extreme Job', 'The Yin Yang Master: Dream of Eternity', 'Army of the Dead', 'Demon Slayer - Kimetsu no Yaiba - The Movie: Mugen Train', 'Kingdom: Ashin of the North', 'Your Name Engraved Herein', 'My Missing Valentine']","[318, 313, 277, 243, 242, 217, 211, 209, 209, 209]","['Vincenzo', 'Sisyphus: The Myth', 'Mother To Be', 'The Uncanny Counter', 'Hospital Playlist', 'Mine', 'Nevertheless', 'Attack on Titan', 'Tears on Fire', 'Lupin']","[1258, 626, 591, 569, 554, 463, 438, 437, 378, 377]",Asia,East Asia,23568378,54019,2016-01-06,0,400000,34800000
75,Thailand,"['The Con-Heartist', 'Riam Fighting Angel', 'Wish Dragon', 'Aquaman', '365 Days', 'Doraemon the Movie: Great Adventure in the Antarctic Kachi Kochi', 'Space Sweepers', 'My God Father', 'We Can Be Heroes', 'The Yin Yang Master: Dream of Eternity']","[493, 290, 255, 247, 246, 243, 222, 217, 207, 204]","['Vincenzo', 'Nevertheless', 'Sisyphus: The Myth', 'Attack on Titan', 'Snowpiercer', 'Girl from Nowhere', 'Law School', '18 Again', 'Dare to Love', 'Lupin']","[1373, 564, 531, 497, 428, 372, 365, 344, 337, 329]",Asia,South-East Asia,66558935,20474,2016-01-06,0,100000,38500000
76,Turkey,"['We Can Be Heroes', '365 Days', 'Paper Lives', 'Have You Ever Seen Fireflies?', 'Army of the Dead', 'Fifty Shades of Grey', 'Recep Ivedik 6', 'I Care a Lot', 'Wish Dragon', 'Major Grom: Plague Doctor']","[333, 267, 246, 246, 205, 203, 192, 183, 173, 170]","['Lupin', 'Friends', 'Sex/Life', 'Snowpiercer', 'New Amsterdam', 'The Gift', 'Lucifer', 'Bridgerton', 'Who Killed Sara?', '50M2']","[682, 606, 535, 522, 500, 431, 426, 403, 399, 374]",Asia,Middle-East,83154997,29723,2016-01-06,4000,600000,59400000
77,Ukraine,"['The Secret Life of Pets 2', '6 Underground', 'The Mitchells vs. The Machines', 'Wish Dragon', 'Murder Mystery', 'Sonic the Hedgehog', 'Chernobyl: Abyss', 'Major Grom: Plague Doctor', 'Army of the Dead', 'Thunder Force']","[432, 410, 361, 357, 336, 305, 269, 264, 254, 247]","['Lupin', 'Snowpiercer', 'Bridgerton', 'Money Heist', 'The Crown', 'The Blacklist', 'Sex/Life', ""The Queen's Gambit"", 'Behind Her Eyes', 'Rick and Morty']","[1015, 669, 653, 652, 541, 524, 521, 493, 445, 427]",Europe,Eastern Europe,41743935,10310,2016-01-06,0,200000,0
78,United Arab Emirates,"['We Can Be Heroes', 'Wish Dragon', 'Army of the Dead', 'I Care a Lot', 'Mimi', 'The Secret Life of Pets 2', 'Yes Day', 'Minions', 'Fatherhood', 'Gemini Man']","[347, 185, 184, 175, 172, 162, 160, 159, 153, 148]","['Vincenzo', 'New Amsterdam', 'Lupin', 'CoComelon', 'Sex/Life', 'Bridgerton', 'The Good Doctor', 'Who Killed Sara?', 'Ginny & Georgia', 'Lucifer']","[733, 733, 601, 593, 484, 404, 381, 284, 280, 240]",Asia,Middle-East,9890400,70441,2016-01-06,0,50000,20300000
79,United Kingdom,"['We Can Be Heroes', 'Suicide Squad', 'The Secret Life of Pets 2', 'The Mitchells vs. The Machines', 'Fatherhood', 'Seaspiracy', 'Wish Dragon', 'Spider-Man: Far from Home', 'Love and Monsters', 'Believe Me: The Abduction of Lisa McVey']","[278, 223, 202, 188, 178, 174, 169, 163, 162, 158]","['CoComelon', 'Bridgerton', 'Ginny & Georgia', 'Sex/Life', 'Peppa Pig', 'Lupin', 'Behind Her Eyes', 'Brooklyn Nine-Nine', 'Superstore', ""RuPaul's Drag Race""]","[571, 511, 454, 439, 427, 358, 341, 318, 284, 279]",Europe,Northern Europe,67886004,46827,2012-01-04,5900,10000000,176100000
80,United States,"['The Mitchells vs. The Machines', 'We Can Be Heroes', 'Home', 'The Secret Life of Pets 2', 'Trouble', 'Wish Dragon', 'Thunder Force', 'Yes Day', 'Fatherhood', 'Bigfoot Family']","[383, 364, 347, 287, 211, 211, 189, 176, 175, 171]","['CoComelon', 'Manifest', 'Ginny & Georgia', 'Bridgerton', 'Who Killed Sara?', 'iCarly', 'Virgin River', 'Sex/Life', 'Firefly Lane', 'Sweet Tooth']","[1378, 492, 465, 448, 390, 365, 292, 246, 238, 229]",North America,North America,328239523,63051,2007-01-17,5800,60600000,1128500000
81,Uruguay,"['We Can Be Heroes', 'I Care a Lot', 'Yes Day', 'I Feel Pretty', 'Fatherhood', 'Wish Dragon', 'Paper Lives', 'Run', 'Outside the Wire', 'The Mitchells vs. The Machines']","[298, 173, 165, 165, 158, 154, 152, 149, 140, 137]","['New Amsterdam', 'Lupin', 'Who Killed Sara?', 'Sky Rojo', 'El inocente', 'Bridgerton', 'Luis Miguel: The Series', 'Falsa Identidad', 'Behind Her Eyes', 'Vikings']","[651, 583, 581, 420, 361, 358, 347, 306, 304, 294]",Latin America,South America,3518552,24516,0,0,0,0
82,Venezuela,"['We Can Be Heroes', 'Wish Dragon', 'Yes Day', 'Fatherhood', 'I Care a Lot', 'Run', 'Trouble', 'The Mitchells vs. The Machines', 'To All the Boys: Always and Forever', 'Outside the Wire']","[429, 265, 249, 225, 214, 198, 181, 178, 169, 160]","['Pablo Escobar, The Drug Lord', 'Yo soy Betty la fea', '100 Dias Para Enamorarnos', 'Who Killed Sara?', 'New Amsterdam', 'Lupin', 'Sex/Life', 'Bridgerton', 'El inocente', 'Nuevo Rico Nuevo Pobre']","[1536, 1134, 666, 641, 592, 539, 397, 340, 336, 322]",Latin America,South America,28887118,7344,2011-09-12,0,500000,15800000
83,Vietnam,"['The Yin Yang Master: Dream of Eternity', 'Camellia Sisters 5 - Living Like Royalty', 'Aquaman', 'Lật mặt: Nhà có khách', 'The Con-Heartist', 'Fast & Furious Presents: Hobbs & Shaw', 'Army of the Dead', 'Space Sweepers', 'Spider-Man: Homecoming', 'Outside the Wire']","[373, 317, 305, 288, 260, 239, 224, 207, 205, 205]","['Vincenzo', 'Hospital Playlist', 'Crash Landing on You', 'Sisyphus: The Myth', 'Mine', 'The Uncanny Counter', 'Law School', 'Nevertheless', 'Reply 1988', 'Lupin']","[1519, 695, 595, 577, 550, 525, 501, 484, 482, 400]",Asia,South-East Asia,96208984,8066,2016-01-06,0,0,0
