0,"[LIVE] PLAY! 뉴스라이프, SBS 모바일24 2021-08-04 12:12",SBS 뉴스,2021-08-03 13:48:31Z,송송호근,2021-08-04 12:12:04,안보대통령문재인만세
0,"[LIVE] PLAY! 뉴스라이프, SBS 모바일24 2021-08-04 12:12",SBS 뉴스,2021-08-03 13:48:31Z,송송호근,2021-08-04 12:12:17,일자리창출대통령문제인만세
0,jazz/lofi hip hop radio🌱chill beats to relax/study to [LIVE 24/7] 2021-08-04 12:13,阿鲍Abao,2021-07-26 01:09:40Z,The wonder of nature,2021-08-04 12:13:24,Is there a Minecraft player ih here
0,jazz/lofi hip hop radio🌱chill beats to relax/study to [LIVE 24/7] 2021-08-04 12:13,阿鲍Abao,2021-07-26 01:09:40Z,Liezl Suzuki,2021-08-04 12:13:34,me
0,jazz/lofi hip hop radio🌱chill beats to relax/study to [LIVE 24/7] 2021-08-04 12:13,阿鲍Abao,2021-07-26 01:09:40Z,Nightbot,2021-08-04 12:13:35,@KUMIs Kappa -> What an interesting hypothesis. [stop spamming caps] [warning]
0,jazz/lofi hip hop radio🌱chill beats to relax/study to [LIVE 24/7] 2021-08-04 12:13,阿鲍Abao,2021-07-26 01:09:40Z,Wolfgang Oppenheimer,2021-08-04 12:13:37,lmao booba
0,jazz/lofi hip hop radio🌱chill beats to relax/study to [LIVE 24/7] 2021-08-04 12:13,阿鲍Abao,2021-07-26 01:09:40Z,Reinaldo Goncalves Pereira Neto,2021-08-04 12:13:38,to take them off
0,jazz/lofi hip hop radio🌱chill beats to relax/study to [LIVE 24/7] 2021-08-04 12:14,阿鲍Abao,2021-07-26 01:09:40Z,Elle MacLeary,2021-08-04 12:14:51,lacy
0,jazz/lofi hip hop radio🌱chill beats to relax/study to [LIVE 24/7] 2021-08-04 12:14,阿鲍Abao,2021-07-26 01:09:40Z,Pavethira Ramesh,2021-08-04 12:14:52,Black and red oof
0,jazz/lofi hip hop radio🌱chill beats to relax/study to [LIVE 24/7] 2021-08-04 12:14,阿鲍Abao,2021-07-26 01:09:40Z,Elle MacLeary,2021-08-04 12:15:02,blacor white
0,jazz/lofi hip hop radio🌱chill beats to relax/study to [LIVE 24/7] 2021-08-04 12:14,阿鲍Abao,2021-07-26 01:09:40Z,The wonder of nature,2021-08-04 12:15:19,Dude man I see a lot of dudes ware bra to
0,jazz/lofi hip hop radio🌱chill beats to relax/study to [LIVE 24/7] 2021-08-04 12:14,阿鲍Abao,2021-07-26 01:09:40Z,phuanh thaituan,2021-08-04 12:16:00,nice:yougotthis::yougotthis::yougotthis::yougotthis::yougotthis::yougotthis::yougotthis::yougotthis:
0,jazz/lofi hip hop radio🌱chill beats to relax/study to [LIVE 24/7] 2021-08-04 12:14,阿鲍Abao,2021-07-26 01:09:40Z,The wonder of nature,2021-08-04 12:16:00,Anybody like black hair blonde hair blue hair green hair pink hair turquoise purple dirt hair
0,jazz/lofi hip hop radio🌱chill beats to relax/study to [LIVE 24/7] 2021-08-04 12:14,阿鲍Abao,2021-07-26 01:09:40Z,Chase Saladino,2021-08-04 12:16:08,Do they have breasts?
0,jazz/lofi hip hop radio🌱chill beats to relax/study to [LIVE 24/7] 2021-08-04 12:14,阿鲍Abao,2021-07-26 01:09:40Z,The wonder of nature,2021-08-04 12:16:18,Dude do you have a blue key
0,"비트코인 실시간, 비트토렌트의 계절이 왔다? 2021-08-05 21:07",해피 카펠라,2021-08-05 05:02:51Z,01 chvnfzk,2021-08-05 21:07:02,목소리가 도티랑 비슷하시네용
0,"비트코인 실시간, 비트토렌트의 계절이 왔다? 2021-08-05 21:07",해피 카펠라,2021-08-05 05:02:51Z,수수,2021-08-05 21:07:04,어머님 수수 아가도 왔어요
0,"비트코인 실시간, 비트토렌트의 계절이 왔다? 2021-08-05 21:07",해피 카펠라,2021-08-05 05:02:51Z,수수,2021-08-05 21:07:06,끄덕
0,"비트코인 실시간, 비트토렌트의 계절이 왔다? 2021-08-05 21:07",해피 카펠라,2021-08-05 05:02:51Z,악녀82,2021-08-05 21:07:11,조단위가 안전한듯
0,"비트코인 실시간, 비트토렌트의 계절이 왔다? 2021-08-05 21:07",해피 카펠라,2021-08-05 05:02:51Z,웅앵웅앵,2021-08-05 21:07:19,아더 버리고 비토 갈까여 ㅠ ㅋㅋ
0,"비트코인 실시간, 비트토렌트의 계절이 왔다? 2021-08-05 21:07",해피 카펠라,2021-08-05 05:02:51Z,스칼렛💊,2021-08-05 21:07:19,수수도 아가아가 인뎅
0,"비트코인 실시간, 비트토렌트의 계절이 왔다? 2021-08-05 21:07",해피 카펠라,2021-08-05 05:02:51Z,오여사썬,2021-08-05 21:07:25,남주기는 아까운데 울 햄뿌님이면 양보할께요
0,"비트코인 실시간, 비트토렌트의 계절이 왔다? 2021-08-05 21:07",해피 카펠라,2021-08-05 05:02:51Z,햄뿌💊,2021-08-05 21:07:25,카펠라님은 신세경스턀 좋아하세요 😢
0,"비트코인 실시간, 비트토렌트의 계절이 왔다? 2021-08-05 21:07",해피 카펠라,2021-08-05 05:02:51Z,악녀82,2021-08-05 21:07:51,결혼하셨는지요? 카펠님
0,"비트코인 실시간, 비트토렌트의 계절이 왔다? 2021-08-05 21:07",해피 카펠라,2021-08-05 05:02:51Z,꼼지락총총💊,2021-08-05 21:07:54,언제신세경으로 바꼈대여? ㅋㅋㅋ
0,"비트코인 실시간, 비트토렌트의 계절이 왔다? 2021-08-05 21:07",해피 카펠라,2021-08-05 05:02:51Z,오여사썬,2021-08-05 21:07:55,신세경???
0,"비트코인 실시간, 비트토렌트의 계절이 왔다? 2021-08-05 21:07",해피 카펠라,2021-08-05 05:02:51Z,햄뿌💊,2021-08-05 21:07:58,(ฅ^･ω･^ ฅ)좋아요 누르고 시청해주시면 센스쟁이셔용❤❤
0,"비트코인 실시간, 비트토렌트의 계절이 왔다? 2021-08-05 21:07",해피 카펠라,2021-08-05 05:02:51Z,은성💊,2021-08-05 21:08:04,에해이 선희님이 계신데ㅋ
0,"비트코인 실시간, 비트토렌트의 계절이 왔다? 2021-08-05 21:07",해피 카펠라,2021-08-05 05:02:51Z,오여사썬,2021-08-05 21:08:05,말라서 못써요
0,"비트코인 실시간, 비트토렌트의 계절이 왔다? 2021-08-05 21:07",해피 카펠라,2021-08-05 05:02:51Z,인생모히떠,2021-08-05 21:08:14,돌싱이신줄
0,"비트코인 실시간, 비트토렌트의 계절이 왔다? 2021-08-05 21:07",해피 카펠라,2021-08-05 05:02:51Z,꼼지락총총💊,2021-08-05 21:08:14,손예진이라 안했어요? ㅋㅋㅋ
